Ido_mp,UA_X,UA_Y,UA_Z,FA_X,FA_Y,FA_Z,H_X,H_Y,H_Z
0.01005,5.18476330786245,4.43505743296162,4.28790416295936,17.9950693792851,-1.37467595389601,-44.936979534453,-18.0247640310269,-8.80333307803358,-8.00685117619646
0.0564027,5.19206905666096,4.40903642940521,4.3148367928855,17.9746735677645,-1.384287310797,-44.9398733951223,-18.0449851304619,-8.81815490882815,-8.00761850558947
0.1026197,5.20655905299494,4.36108629264751,4.38648886262208,17.9714130143848,-1.35287123323673,-44.9627243360326,-18.0419053671408,-8.85983022963115,-7.97177268191475
0.1503,5.2162215913344,4.2982978603771,4.48552269330826,17.9842868980957,-1.35325391210684,-44.9570751823621,-18.0639943802658,-8.84265064656447,-7.98043093923888
0.1969967,5.21478448424028,4.31528764616826,4.45388846579553,17.9632666951039,-1.36379450499116,-44.9370789847723,-18.0310360384233,-8.8349667716115,-7.98471757926767
0.2433361,5.19802708929651,4.28191828482298,4.5074799121039,17.9662881067918,-1.36953146753884,-44.9474260640373,-18.0213618835979,-8.83899787742841,-7.99086000799589
0.290697,5.20143143649684,4.25734142887524,4.56776139903151,17.9843880349314,-1.33455176949962,-44.9300530703324,-18.0578033609906,-8.85934861766769,-7.95834141158076
0.3218846,5.18176082962232,4.2728479719587,4.53645991257904,17.9735202815667,-1.29038995683449,-44.947159176931,-18.0306190964379,-8.87140761783364,-7.95173667894833
0.3531186,5.19102627530089,4.25924554362394,4.58186140580308,17.9714225187317,-1.32264617122225,-44.9483855907854,-18.0033753107971,-8.84297136396596,-7.96381463520757
0.3995309,5.18364883442836,4.25341871933943,4.58348920596141,17.9727723890592,-1.2890928197164,-44.9288349599262,-17.9893619224513,-8.85621333751625,-7.96473750516813
0.4464555,5.17468474548747,4.23622034347421,4.61249837425585,17.9729776355249,-1.30194264293015,-44.9498889987909,-17.9860381896937,-8.82198310021585,-7.95764038117531
0.4942503,5.12312774569857,4.23560575952724,4.57003924658213,17.9463618658849,-1.3058784431665,-44.9238804821268,-17.9482786281272,-8.81382291110434,-7.98301240223336
0.5417049,5.12086255290374,4.15221623849148,4.65995488542999,17.9436942838661,-1.28672150844646,-44.9205348265785,-17.938297969177,-8.81228279742149,-7.96955156981376
0.5873677,5.1323656859685,4.094957245017,4.72347881850872,17.9946463856587,-1.30729388745294,-44.9344263472619,-18.0043014170507,-8.80146209305656,-7.93767279421291
0.6337961,5.1629471523447,4.05065066713238,4.77498520635205,18.0012272916088,-1.30178299288701,-44.944711614913,-18.0071287980257,-8.80587069354707,-7.91187936391056
0.6804411,5.17454294748639,4.05508063925207,4.78490041594592,17.9483529534655,-1.30049598785041,-44.9708202476678,-17.9635700111495,-8.80082903309616,-7.90095405034462
0.712437,5.17207515759106,4.04404604223671,4.83283389495088,17.9473686864043,-1.22373525921653,-45.0303248828168,-17.9479700759801,-8.83102295692937,-7.85206040004615
0.7452233,5.17184117098975,4.03305885617152,4.85428554307479,17.9271800545492,-1.18683147369258,-45.0254981557504,-17.8977352718503,-8.87223082208074,-7.84141766524839
0.7893069,5.15280256100019,4.02544623760674,4.87131102314421,17.8941982802224,-1.22992885278698,-45.0009780586393,-17.8619247361929,-8.85714598882676,-7.89481630117053
0.8367199,5.15344975676544,3.98749277379433,4.93290822645508,17.8864578277131,-1.23090225056277,-45.0018437461432,-17.8883525521824,-8.85718044501703,-7.9006455726167
0.8989108,5.1404249289396,3.90284534578552,5.05326912295395,17.9169258781012,-1.22877373607917,-45.0041403867768,-17.9195330087468,-8.8647077116144,-7.88897962412701
0.9456726,5.16475538969271,3.85776278230241,5.10415669121861,17.8670060076449,-1.26934258724311,-45.0011543034392,-17.8756151621842,-8.8061882669958,-7.93307126838528
0.9927959,5.14517368543666,3.87425487198418,5.0331144741226,17.8629940982004,-1.27753034568351,-45.0379237892071,-17.8652218811853,-8.79691126515002,-7.9270629082903
1.0413145,5.14461280609111,3.88128006405587,5.01987831112322,17.8914397752375,-1.25548948165151,-45.0908190942761,-17.925746632266,-8.81158770909551,-7.86928966922207
1.07462,5.12772470139012,3.89526190169539,4.99898583844201,17.8846761929744,-1.25854525494043,-45.1119475671608,-17.923191400597,-8.81869618593157,-7.85205204609928
1.1199795,5.12165102172636,3.89057684427334,4.9960702655551,17.833614176576,-1.26497981421379,-45.0854963032673,-17.8623252463295,-8.82174020343884,-7.88539257180749
1.1672758,5.08509601423495,3.85463693842318,5.02344248978622,17.8693088992503,-1.26516918033241,-45.1164483146343,-17.8854309767422,-8.82312097471974,-7.86748284489513
1.2148828,5.07924181736117,3.77746667286504,5.15926262277994,17.9156320148432,-1.25890627351475,-45.1534577301722,-17.9115007792819,-8.77856618865269,-7.83659451997458
1.2624549,5.084393300162,3.81172990751159,5.13458542458593,17.919995487194,-1.29252738785842,-45.1658214377388,-17.9382113760927,-8.7642480474754,-7.86097465388158
1.3236295,5.09054720020179,3.83388525595825,5.08715912161136,17.9348600092379,-1.24197861617022,-45.2134217419647,-17.9790232576169,-8.80226916350817,-7.80946753614916
1.3713467,5.088739647091,3.89268640739167,5.04618815899877,17.9421696861742,-1.28024392611884,-45.2449435176223,-17.9777412805548,-8.80958948238118,-7.80470497793091
1.4056326,5.07711011418028,3.92252173956224,4.98353182952626,17.9273027138736,-1.31374153192865,-45.2483877344417,-17.9893506082309,-8.79853505373047,-7.81921609455558
1.4489554,5.07417521431153,3.89010379195886,5.03425990817191,17.9510146084182,-1.25408038179925,-45.2631667999867,-18.0036947137056,-8.83359741924988,-7.78502683340708
1.4951506,5.06682965679322,3.86786348150403,5.06172243974229,17.9606906694128,-1.25798051592903,-45.2654733788835,-17.9786539160276,-8.82755434842498,-7.79374233573548
1.5417201,5.06695608708634,3.90095534278847,4.98427306350063,17.9307517011059,-1.28905867524777,-45.2786852825218,-17.9481124673694,-8.75025070075555,-7.8256503439508
1.6036495,5.05868163403168,3.92322333501655,4.93870733446566,17.9469290557543,-1.28859003874151,-45.2846173538713,-17.9391376752654,-8.7729936548106,-7.8065536570639
1.6657371,5.07614399246922,3.88234420303064,4.9318868474948,17.9490017767794,-1.30459238950463,-45.3038710578457,-18.0109001132041,-8.77423441814542,-7.77276559970632
1.712536,5.09194337652655,3.84767740396422,4.98076909788419,17.945393085667,-1.29826884693125,-45.3006337520606,-17.9874117008921,-8.78486832444098,-7.77920960035805
1.758901,5.08068291925948,3.85654798072904,4.98097544264555,18.0037241065132,-1.30680663841929,-45.3451475749083,-18.0395256937954,-8.77061117384363,-7.74095504246075
1.7899669,5.10508968942151,3.81044997359241,5.02210001285556,17.9826647949444,-1.28823779497446,-45.35674330394,-18.0446764600857,-8.78041813452341,-7.7238496166288
1.8229288,5.11162081251167,3.81012797976872,5.01206392019729,17.9755655061003,-1.28506128493904,-45.363527061305,-18.0477394500544,-8.77133809625726,-7.7169562311374
1.8832909,5.11455821039614,3.80597202019983,4.99776494984378,18.0036898135167,-1.32128492722694,-45.3744965284387,-18.0289683447489,-8.74158944087875,-7.70147238608521
1.9152927,5.13171080767276,3.77230258828507,5.00522542876137,17.9905994540387,-1.31592680958014,-45.3846186258189,-18.0592887220269,-8.7215868191033,-7.7042598117805
1.9620847,5.16363913698759,3.73313672862479,5.05238443788947,18.0017871166654,-1.31547257941461,-45.4253755280226,-18.0570291179376,-8.69433872608615,-7.65355073727049
2.0097687,5.17773455576834,3.77019883378844,5.03171958633366,18.0083640291002,-1.37072643067504,-45.4325677263992,-18.0588715609972,-8.69150712121264,-7.66617751253366
2.0563255,5.18310520449596,3.7722335224468,5.00925306818514,17.977788261876,-1.38405907862816,-45.4062650476525,-18.0393214450587,-8.68542081287353,-7.69777020329498
2.1019153,5.19086072307573,3.77523215012254,5.03441664360744,18.0144919538331,-1.37836671453833,-45.4222292402247,-18.0739403495857,-8.71038272772554,-7.68321681930416
2.1489358,5.22883956397412,3.73801307278682,5.07748646099368,17.978128600459,-1.40896997161591,-45.4137447418445,-18.0480081547951,-8.72045919987558,-7.70298679096462
2.1946543,5.22700473841297,3.74312763358633,5.09761573700249,17.9829718333517,-1.41413606827463,-45.4006371807434,-18.0494998053782,-8.71450303744268,-7.71791279921588
2.2409865,5.20717758985235,3.74581653243619,5.07802150881775,18.0090544425589,-1.39130297316231,-45.3957967791627,-18.0601931118186,-8.71147989990653,-7.71303883629155
2.2757284,5.20188330952101,3.74643199659386,5.08147164762178,18.0212832788494,-1.38090887412575,-45.4014139176654,-18.05458025213,-8.691335983139,-7.71162677027028
2.3346784,5.18885287104351,3.76059002204118,5.05750329305979,18.0302652089386,-1.31563654335983,-45.4311390851654,-18.0487786251149,-8.71713258655961,-7.67136314020478
2.3675466,5.1967064601657,3.74397823831342,5.07915853686837,18.0402840027747,-1.310540722132,-45.4172540977139,-18.0424867262961,-8.73671075654455,-7.66126335186039
2.4125046,5.19092481310192,3.71520907624813,5.10531424133946,18.0385866610331,-1.29289082621244,-45.3743428144282,-18.0404938637671,-8.75386565716788,-7.6801000118268
2.4740695,5.18488660078115,3.70580535395968,5.1357411230461,18.0277580430572,-1.28579684403186,-45.3726729644063,-18.0572913122406,-8.7536287326613,-7.67308947149171
2.5220956,5.16959763340246,3.64537399689667,5.18334947012931,17.9929908979678,-1.28504272135558,-45.3768616011736,-18.0159665491029,-8.72403874644904,-7.67450787917156
2.5686337,5.15804750691766,3.64174295390617,5.18954773778678,18.0228663058131,-1.29815761395845,-45.3904465398237,-18.00973100858,-8.73312212457075,-7.66181604516482
2.6152408,5.15484776605879,3.63102743867362,5.2334250156389,18.0195139442553,-1.31918895299872,-45.4100915447629,-18.0146122062042,-8.69185209583636,-7.66950658198798
2.6616238,5.13817581023891,3.61080081226015,5.21795042543413,18.0156934404153,-1.30669825622513,-45.4329094635468,-18.0280877903965,-8.63388796888273,-7.69003958253559
2.6942328,5.14249445892567,3.63954112530896,5.21001373676594,18.0250039506062,-1.28845455194003,-45.423613105423,-17.9847222909164,-8.67434041990873,-7.67717486515297
2.7265682,5.15700528652257,3.62232585875117,5.23870674731113,18.0238597346449,-1.26093269939614,-45.4248005901376,-17.9598354067386,-8.70584502785742,-7.65736315427797
2.7734631,5.17051857313578,3.61477844769945,5.26574740874394,18.0480307885022,-1.27674415767195,-45.4478135354047,-18.0072164154543,-8.7181547522019,-7.64980302361199
2.8201181,5.17589804686398,3.61306527846726,5.25832429719182,18.0565007322863,-1.28818877625332,-45.4575026099981,-18.0320421124539,-8.68142140663719,-7.63441692380283
2.882553,5.16634990075013,3.65330499089729,5.23235379321994,18.1001834089328,-1.28060300861829,-45.4726400914418,-18.062821072679,-8.70172313996446,-7.58422049924019
2.9292923,5.18428263513758,3.658886253443,5.20492880617,18.0748800918252,-1.28642481529579,-45.5026665665558,-18.0697538558322,-8.69978289772367,-7.54572233983299
2.9640718,5.19325229903805,3.67806976471422,5.20006256087982,18.0685386785456,-1.25753439943429,-45.5014229806357,-18.0864395135443,-8.70166491202668,-7.5477941861148
3.0070424,5.19007671319052,3.68468484149607,5.19384005113803,18.0948195791831,-1.25222213321164,-45.5063325868359,-18.11173105446,-8.704275591,-7.53201822463281
3.0539329,5.19986222678329,3.69531017018718,5.18571116570401,18.104216107912,-1.28068007673013,-45.5109522667151,-18.1169417023081,-8.70005115192076,-7.54341277043197
3.0867493,5.21662082914866,3.6807406399657,5.22526771929888,18.0838457441933,-1.29305570797027,-45.5262638448706,-18.0862166128707,-8.70830878096022,-7.53584886439208
3.1485432,5.21822615852489,3.69395670559487,5.21730465785636,18.0931989422851,-1.29241306995339,-45.5713967017831,-18.1049180854833,-8.68677046842576,-7.49556912954998
3.1968928,5.19304223682546,3.68171110239328,5.21531430644924,18.0930688823696,-1.32648980799506,-45.6107597986702,-18.0730540614584,-8.61866312850889,-7.47787493415667
3.2580209,5.22614325627757,3.67341956246607,5.27200775335311,18.0997589191547,-1.34166690736616,-45.6214752170184,-18.1204683047698,-8.62208823470771,-7.46861703685419
3.2901732,5.22688148623494,3.65086534073137,5.25709645711535,18.1040100143509,-1.32942074786407,-45.6279390425125,-18.1211267266692,-8.62331101880443,-7.46801075610453
3.3358038,5.20511248448324,3.66258673256257,5.2354376675798,18.1433046583747,-1.33985492956051,-45.6357011405687,-18.1292450445902,-8.61660348317305,-7.4532299362592
3.3820899,5.21960084486128,3.65890941907762,5.23932843726599,18.1293999237595,-1.32296660395008,-45.6259403221018,-18.1370275687211,-8.6221511317133,-7.44476640495864
3.4140332,5.23569750421708,3.63658087272961,5.27908771768047,18.1220063382555,-1.30605930967163,-45.6235315916833,-18.1637815955848,-8.63770421019455,-7.43439234882875
3.447243,5.24189969069102,3.66346067589334,5.22662248077626,18.1310277387104,-1.31973086985983,-45.6316602155486,-18.150356887921,-8.6252011733697,-7.42992316542253
3.5083032,5.24138764983081,3.68557066398466,5.20184442956591,18.1474343984989,-1.35027105910072,-45.6675754147662,-18.1371357575712,-8.61465554974584,-7.40047990507052
3.5702704,5.25439697427415,3.68777263127943,5.22265374723318,18.1561224346993,-1.3066629003097,-45.7025813934834,-18.1511818394358,-8.65230766784165,-7.35023261621094
3.6160024,5.26772013982695,3.70082554036473,5.19235300089327,18.1503009195052,-1.3224934047569,-45.6731838748712,-18.1636074695357,-8.65553324260689,-7.37012411577678
3.6622856,5.28375267279779,3.69877425360726,5.16696002423879,18.1561962542102,-1.32698207612893,-45.6810165886973,-18.1856983534416,-8.66255523560688,-7.35918566753951
3.7246559,5.30526061954468,3.69620531701431,5.18471162362976,18.1852671036736,-1.33356960646295,-45.7190054334954,-18.2031295762145,-8.64510351215413,-7.32568241846516
3.7713552,5.30028642825835,3.67749942110625,5.18006694610782,18.2161706614332,-1.31272433442749,-45.7822339375967,-18.239646154635,-8.60407659546411,-7.25776044205807
3.8033906,5.3169071046106,3.68713972463626,5.17511708329746,18.2225538079767,-1.33035874125732,-45.7840664580223,-18.2462352227376,-8.61134835251803,-7.26151873520537
3.8356416,5.31314345065393,3.70373690019711,5.13858282363333,18.2480143278513,-1.31163334979511,-45.7910709796899,-18.2869818453385,-8.65302050235565,-7.22838253491881
3.8959169,5.30688301597017,3.71566121656674,5.11158874081032,18.2476470480065,-1.31168119031197,-45.7847916042512,-18.2686072556128,-8.64501368252668,-7.21667912704196
3.9572798,5.31205494254757,3.71581379360475,5.11333848137378,18.2283807847778,-1.28744183294348,-45.7691997176075,-18.2536520069336,-8.68186635178019,-7.22513866323712
4.019681,5.30833710215183,3.69578850288841,5.14201118951146,18.2318096343043,-1.27933773765197,-45.7649695814402,-18.2540483484261,-8.69546377867245,-7.21552272058117
4.0832414,5.29176949721398,3.68730526111164,5.15461657901015,18.1878940964396,-1.30475964364869,-45.7727601100393,-18.2034079767636,-8.63787233755467,-7.23047816993615
4.1296329,5.26761635404974,3.69765566393628,5.13447605529447,18.2320459172231,-1.3124034515336,-45.7689450078284,-18.2285275820216,-8.63347039691232,-7.23383125343246
4.1635763,5.28714564377504,3.68104473527933,5.17569766654086,18.2442575099735,-1.30693051331638,-45.7637909485598,-18.2388545139968,-8.64382003445483,-7.22610122063641
4.1943503,5.29952871459768,3.68990157690508,5.16092093908535,18.2371903625409,-1.30834782132991,-45.7518827371054,-18.257196562384,-8.65538698828587,-7.22920359863896
4.2282032,5.31220709466096,3.71128824684475,5.12608846884256,18.203570665243,-1.28746633544303,-45.7546222509012,-18.2307164485666,-8.68658346339942,-7.22506311123363
4.3022028,5.28119168985623,3.75801988138828,5.0607997011472,18.2263482032529,-1.23731507091023,-45.7632995372788,-18.2198365092358,-8.69964834037267,-7.19556833298122
4.3650987,5.24507866103105,3.80039264308786,5.02528917987043,18.2301465315005,-1.25679153284624,-45.8053107326656,-18.2263705412979,-8.63727898746253,-7.17808581417759
4.4111441,5.26884782320258,3.76586515296301,5.09807792109567,18.274131067977,-1.26060314263162,-45.8340873490212,-18.2724076727768,-8.64542813933641,-7.12024418983897
4.4575212,5.30709099209036,3.78283753486569,5.1010205433073,18.2657054442703,-1.28355558860224,-45.8349278622863,-18.2379577693933,-8.63809970660835,-7.11751395609959
4.5048943,5.29546771403142,3.80170359339774,5.0256516483862,18.2284331102074,-1.29480035499651,-45.8374957839011,-18.2398689626147,-8.60596650213738,-7.13179194469191
4.5530208,5.28310588017798,3.84477541990332,5.01625642183603,18.2805571359407,-1.27602429183485,-45.8738051879139,-18.2394005181978,-8.60354511557522,-7.07670865932398
4.5862073,5.29808812946812,3.80421059367826,5.04939783129501,18.2895445362033,-1.26067490688738,-45.8685923738613,-18.2639353389561,-8.62491881828151,-7.06403830961247
4.6467494,5.31388776721688,3.80618846409088,5.04781494754594,18.2780460171865,-1.22409810717687,-45.8678250687685,-18.2607424236013,-8.65389656936531,-7.04568015767622
4.6935436,5.2851012323243,3.78490871151778,5.0824281718244,18.3053374534923,-1.21891453006767,-45.8981185884799,-18.2728075082962,-8.65292008297799,-7.01596972071639
4.7461459,5.25800872881242,3.77522881524524,5.0936714365688,18.279720182816,-1.25908004145981,-45.904748009333,-18.2611758522195,-8.6476870989397,-7.02318249987404
4.7962297,5.27435614628316,3.76789007644058,5.13567309054078,18.2616424547412,-1.25564198030109,-45.8941745969469,-18.269124690466,-8.66552143997525,-7.02742256728014
4.8428502,5.25950936974477,3.73422089105474,5.15729817975842,18.209168035764,-1.22171935147983,-45.8708284748406,-18.2085055283458,-8.69653177594581,-7.04844414908467
4.8830579,5.27161036252873,3.71103531456675,5.24094794017601,18.237912325981,-1.29438231176132,-45.899792928952,-18.2583216804726,-8.66978599690593,-7.04816543674392
4.916825,5.25635136521545,3.66500730063153,5.31230763596944,18.2569031983624,-1.27057931702119,-45.9027863980464,-18.2711437069716,-8.667588218742,-7.03459984276667
4.9637561,5.22531737489999,3.70882593158175,5.28939285197327,18.2742759919787,-1.2655874943447,-45.9094118551684,-18.2684693113999,-8.67209341864872,-7.0113479791913
5.0101151,5.20560510784775,3.74102019063165,5.21050676299139,18.2123418308042,-1.28311280485988,-45.9278140527573,-18.273988799478,-8.66063246491094,-7.01874209883111
5.0723565,5.17720268505483,3.71212394248838,5.22101726726227,18.2321452437874,-1.26151593238657,-45.9559282616225,-18.290945978405,-8.66254305663055,-6.98266073203391
5.1084674,5.17456289151623,3.69506128780109,5.20939428496194,18.3091894025253,-1.20011482534043,-46.0300280481184,-18.3310790888036,-8.68347828380469,-6.86728320542546
5.1515942,5.15877108696449,3.72819677845744,5.16126134437135,18.2382855371701,-1.18455555070244,-46.0232377286101,-18.2974324737203,-8.70100564558759,-6.90157061804914
5.1864699,5.16428689924778,3.69033355872347,5.22158266163779,18.2422518511979,-1.20806143606018,-46.0282707553241,-18.3065572491069,-8.67369227781404,-6.92049094633373
5.2306779,5.160887952189,3.62981270741224,5.26143466139365,18.25804674925,-1.17294830704648,-46.0417978732313,-18.3293344006368,-8.66170174789548,-6.90814069154131
5.2764273,5.17153635174476,3.59196746617495,5.30564973976284,18.2890882331095,-1.22015608797988,-46.0604547463185,-18.3519189077686,-8.64190829409341,-6.88617772853824
5.3248907,5.18194917808159,3.52493984141003,5.34219315851039,18.286276839307,-1.23876578139425,-46.065851116839,-18.3582098378825,-8.60237563396976,-6.89433856670058
5.3732497,5.19144352049263,3.48090468134322,5.37949002149852,18.262926281025,-1.27531679326462,-46.0734089152859,-18.336395253602,-8.58300886643366,-6.89844254937171
5.4204108,5.20945408468745,3.44708427635615,5.40126713662019,18.2187792698544,-1.29394898535358,-46.0652256378397,-18.3696382690697,-8.55905480147888,-6.91696259533311
5.4519712,5.19081897768968,3.39063665532673,5.44658793432579,18.1966437133774,-1.26282326787212,-46.0762380131551,-18.3594489088427,-8.58678258202086,-6.90512816471207
5.4836857,5.1862452142689,3.3967159635211,5.44541605782678,18.1909736812758,-1.26004511221306,-46.061793226962,-18.3469604148958,-8.58218066058758,-6.90782179622605
5.514894,5.17867049467526,3.35590848640007,5.47244321553268,18.1799976954821,-1.23200317519838,-46.0220360122311,-18.3455685997028,-8.60963233782457,-6.94810397463589
5.5499902,5.18412090211919,3.31292876971096,5.53008285751858,18.1703746703438,-1.21790922829134,-45.9925677177541,-18.3371994207667,-8.63260676847684,-6.97338640822483
5.5932301,5.20641230431262,3.24985878107831,5.61922939339853,18.1948076682317,-1.2017278894892,-45.9728153284323,-18.3686919258703,-8.65956996532211,-6.97337025384433
5.6409554,5.22705946096219,3.15442327239848,5.74308817731508,18.1949757243374,-1.1824265491958,-45.9637645721413,-18.3941335353466,-8.65795323544341,-6.99563075773239
5.6752761,5.21650510336568,3.13202151154213,5.76895566552435,18.2011470182724,-1.18567237954668,-45.9639116520408,-18.3980875118789,-8.64646842181338,-6.98354043086533
5.7339103,5.20968883013847,3.10445405634303,5.8501909205088,18.206589289354,-1.20428784062711,-45.9884498268259,-18.4235642330919,-8.62126711137561,-6.96423991903251
5.7819744,5.18468279676864,3.12581845806933,5.8244440224715,18.1872795405175,-1.25562481537535,-46.0061323705877,-18.3974086737118,-8.57676747476413,-6.99411648180605
5.8142319,5.18838806407838,3.10762841819685,5.85652981495205,18.1861286051371,-1.24003402264592,-45.9965231183482,-18.4027811536361,-8.58038141837765,-6.99932311463364
5.8765994,5.1841724145124,3.06959631215678,5.89793884241665,18.1869554820984,-1.21666722642289,-45.9931836676292,-18.3973916689803,-8.58078321263149,-6.97897467410448
5.9224865,5.21830332075119,3.01248621051228,5.95550886213336,18.1800488657848,-1.18023429232763,-46.0034042436033,-18.3754720639015,-8.61528250787291,-6.95823029204016
5.9699086,5.22768118541688,2.9845331296176,6.0033396980552,18.1665072532153,-1.17463510647924,-45.9830196612461,-18.3626910106089,-8.5846409733527,-7.01070091865413
6.0308263,5.23421705784605,2.98902367553027,5.99186454066015,18.1955195484755,-1.16199538400922,-45.9769877407836,-18.3454553245702,-8.6055078928165,-7.00833884577533
6.0941477,5.25605070262355,3.00374362631872,5.95947514783699,18.2176623457448,-1.18006234710169,-45.9956477002661,-18.3628241625717,-8.60319206183493,-7.01951077158137
6.1403128,5.25835408621238,2.96609786965195,6.00683412875372,18.2157503646757,-1.14466432933997,-46.0102181632358,-18.3754690839522,-8.63201603451943,-6.98976929171967
6.1881668,5.28013775920282,2.90771441619855,6.10627404224968,18.1943632226956,-1.137643842881,-45.9929169267131,-18.3546017155423,-8.62876548565772,-7.01504713580247
6.2335496,5.2756867445997,2.89328416988715,6.1358427704342,18.2110365089869,-1.12976014147758,-45.9860293229672,-18.3993938823098,-8.63472758903566,-7.04694178233174
6.265101,5.27083143390468,2.8934476623789,6.11063175284549,18.2286876202645,-1.12346612008235,-45.9851056515906,-18.4261755050304,-8.65125319722318,-7.06985930096921
6.3274973,5.27959856024805,2.90064587182873,6.11004385466019,18.2318710610029,-1.11735135854337,-45.9840704131901,-18.4119908063361,-8.6354050297226,-7.11897597908594
6.3896049,5.28681180039549,2.9129166352316,6.09462957724474,18.276774237403,-1.10602161445483,-46.0390055165495,-18.4708179086144,-8.59632797231688,-7.42825049688535
6.4095208,5.30105055890005,2.92195672999909,6.06696472436869,18.2861135706923,-1.10258107676424,-46.0659508017356,-18.4777152232209,-8.64407917680664,-7.46497424572593
6.4535694,5.31093488321596,2.94729516640982,6.05587649370203,18.3191230499385,-1.10809506760375,-46.0828614031539,-18.5228047457561,-8.68688217152378,-7.48205616998517
6.4992432,5.32852286250399,2.9405085318928,6.06778650927092,18.3499085974981,-1.08053122843558,-46.0871526178638,-18.5379446129346,-8.84038359392983,-7.43930582493617
6.5308573,5.33205933896835,2.99862573990907,5.95708834333452,18.3524080434564,-1.09307027170289,-46.1096411324726,-18.546000943514,-8.92211041372589,-7.42239222107156
6.5633405,5.37246715114925,3.02367925617933,5.93548904482997,18.3395418081768,-1.11293062068727,-46.1150808474168,-18.5396315882681,-8.95710277552722,-7.42117800143573
6.6242509,5.39789235887979,3.05777442490792,5.88798097236477,18.3276840255258,-1.12952494949724,-46.1128039463645,-18.5396605039092,-8.97173825686674,-7.44787753688288
6.6711209,5.41805300545642,3.10001314759384,5.82070745032532,18.3707683332455,-1.11067081433698,-46.1277673943096,-18.5351851482953,-9.02508309869941,-7.44438183204995
6.7168004,5.42771871243569,3.13087624053554,5.80750274999683,18.4351490554725,-1.08065978824796,-46.1689488434976,-18.5851182874409,-9.06563734784973,-7.39669320334813
6.7629622,5.4412965736554,3.10615851570604,5.82991406763852,18.4704745409142,-1.0377702019396,-46.182499828141,-18.6104576211328,-9.07386543487338,-7.35881926845046
6.8102943,5.45907593317656,3.15343572911303,5.80286609785558,18.5232559890595,-0.971145435435648,-46.2226200264742,-18.6040974963296,-9.16894560688129,-7.30446317689472
6.8579072,5.49431334956585,3.19377914229924,5.76097310010496,18.5217306387089,-0.987048339131684,-46.2313066437074,-18.6430376846392,-9.19522000920646,-7.30258704720296
6.8891735,5.48965473971584,3.1908791179905,5.74752607474106,18.6133520477322,-0.758010810742325,-46.355927070087,-18.7025933966388,-9.35799756919843,-7.11098289534928
6.9235609,5.5153079604832,3.19772889377702,5.75388844329633,18.6406276914732,-0.771082170593433,-46.3550543629478,-18.7189692898425,-9.36185085107885,-7.10164748911372
6.9675403,5.51178259187987,3.21370084806502,5.73302440803206,18.6372072279106,-0.749296089451701,-46.3495171880748,-18.7232232094027,-9.41324444744992,-7.09140945009824
7.0135521,5.52316894007321,3.19759714924456,5.75834420316902,18.6059593198193,-0.751034072358719,-46.3187941627107,-18.6915913736166,-9.40685832641744,-7.12452552615378
7.060237,5.52530842700691,3.17996092773525,5.83645653293289,18.6617173157285,-0.701811205411047,-46.3767507014514,-18.7404017775997,-9.41650544290413,-7.06346618381528
7.1069389,5.52069143558191,3.19048592510354,5.85206152265609,18.6160180352155,-0.726983483688239,-46.3328191154436,-18.6571921851245,-9.37819235673071,-7.10589415939705
7.1540554,5.53190385291214,3.21841735474777,5.81784290609274,18.6215827443526,-0.709222964616024,-46.3692863537776,-18.6716746402392,-9.40505278018736,-7.07751909660318
7.2010486,5.51673494242599,3.27232007783258,5.76791889677708,18.6886264339287,-0.626648809658877,-46.4354032828307,-18.6953806644836,-9.4786033089073,-6.98430143621423
7.2496983,5.51769767581076,3.30610116589372,5.77885206291849,18.6899248393032,-0.586468501670997,-46.4732513010844,-18.6928273052933,-9.4824622797044,-6.94977060860766
7.2802964,5.52097842437909,3.29906153438729,5.79200147154892,18.7354590751628,-0.449956863981704,-46.5544911794654,-18.693510479195,-9.6083138422919,-6.8453614558451
7.3154662,5.4949115514645,3.35258494602721,5.75625029288096,18.751241059274,-0.435619919154846,-46.5846790554343,-18.6728926288776,-9.63098671748815,-6.7995485737664
7.3613611,5.49734090822847,3.35203777290382,5.7742450800586,18.7597144575543,-0.394567147863158,-46.6242375558159,-18.6720662605611,-9.6393140067202,-6.77848388842999
7.4049323,5.48847283997823,3.34819473953536,5.78694483243387,18.7489217751429,-0.303456044448691,-46.6285866722656,-18.6493217716055,-9.68913877713088,-6.76463635710009
7.451754,5.46416812191572,3.36091332282217,5.78743165042383,18.7732686154006,-0.298469788220263,-46.6688231738038,-18.6394489438987,-9.69121706507962,-6.7573691466126
7.4979506,5.46108999065208,3.39070123283021,5.74024248720479,18.746986954488,-0.289788793347695,-46.734764886344,-18.6103663850866,-9.67962325296548,-6.70898226159466
7.5469843,5.46807155435329,3.38449572194829,5.75696695131077,18.7519628731974,-0.264898524082901,-46.7440410379145,-18.6254654379147,-9.70623310889265,-6.68935626560185
7.5944433,5.46345369892503,3.39685481613143,5.70555436802366,18.736547557373,-0.299669642390258,-46.7706871470414,-18.623953116132,-9.66701194894195,-6.6892144609858
7.640334,5.47731734033857,3.42421300797508,5.69009361289839,18.7458762213677,-0.306005006528556,-46.798929190899,-18.6315409214303,-9.68527213477093,-6.683841936166
7.6729533,5.4723221561102,3.43440877266395,5.71351456439432,18.7807213567059,-0.344175772687444,-46.8495167319149,-18.6499606336339,-9.65290466272958,-6.64168085910023
7.7160084,5.45001614348215,3.47188109558904,5.69625536720904,18.7661240902171,-0.390348866393469,-46.888978412695,-18.6535726586971,-9.61374947526045,-6.65430480403919
7.7629275,5.43509092884839,3.49803094147185,5.65772388783162,18.7110617891943,-0.409214753811672,-46.8755570337862,-18.6032951676523,-9.57242862544746,-6.6749418279734
7.7954314,5.40667682420833,3.50565644089549,5.6760800760858,18.6745997628694,-0.446759952080839,-46.8512988738904,-18.544321089586,-9.54518400280063,-6.71855452495573
7.8397422,5.40566036944798,3.48269540883211,5.71295967975796,18.6485449732707,-0.480500208585158,-46.8463057143147,-18.5104229127687,-9.504496656038,-6.74932054588463
7.8848585,5.40652087188986,3.50777490650891,5.68696289729458,18.5903607241096,-0.568819316957545,-46.8353416423551,-18.4857704384268,-9.40771234745596,-6.78412256549093
7.9322261,5.38926588963793,3.5512225398718,5.60974839644465,18.5790530399704,-0.590996498221363,-46.8501086924037,-18.4595981606847,-9.35393356008217,-6.78910805609339
7.9794535,5.37242448912326,3.59015442261402,5.52901739303577,18.5760543854536,-0.643695118221074,-46.8714941713653,-18.4197843265427,-9.33543880047785,-6.78494201722627
8.0149173,5.3764378357742,3.58925745124233,5.49244480289426,18.5521376394086,-0.648385247015136,-46.8874100760753,-18.4089742538022,-9.32448006347403,-6.77403541091401
8.0728716,5.37389803335722,3.58659650723547,5.48401436377011,18.5705990960609,-0.582195438263101,-46.9115309701495,-18.4319564171728,-9.32936480322928,-6.74508260921135
8.1213021,5.39873720394052,3.58579734730841,5.46878100598037,18.5775001890871,-0.694943571889473,-46.849383340995,-18.4297876454698,-9.28076848081263,-6.81066830389041
8.1670263,5.4052337131809,3.62595260544249,5.39774517069623,18.6213219708303,-0.766846623334116,-46.8554185387681,-18.4800309793121,-9.20709988356313,-6.82187793432541
8.2138081,5.39582796926034,3.61430207006729,5.36769866565159,18.60596171659,-0.807082679128692,-46.8286425923257,-18.4565791422574,-9.15037402865554,-6.87030506895942
8.26206,5.37169960801373,3.6241719411255,5.30956961981742,18.6128028986922,-0.801453101562028,-46.8485262805557,-18.4627432848815,-9.13768896573338,-6.85592026675921
8.3071503,5.38818516063,3.61384834776064,5.30588722242688,18.586739645619,-0.917689265144594,-46.7634939497442,-18.4517944975918,-9.06219047662444,-6.96585886276222
8.3397841,5.41290460848376,3.59937348106237,5.3256685448754,18.5669785387565,-0.947780231432989,-46.7563510419433,-18.4249537774832,-9.07064619390855,-6.97902624312895
8.3722987,5.40857466102654,3.62361098828481,5.25952623127227,18.5409245935617,-0.971553671216566,-46.7273670906132,-18.3962610891772,-9.06362306231934,-7.01135946971995
8.4170505,5.39793398221248,3.64525884201792,5.18434054875693,18.5167606714824,-0.991265677474162,-46.6944501848521,-18.3993910544619,-9.02934945064605,-7.04114175100238
8.4630577,5.4246493822671,3.60618676890086,5.20630143005987,18.474694871098,-0.98504287440364,-46.6145436372185,-18.359012316899,-9.05514569854016,-7.1215007317072
8.5118686,5.44622636722146,3.59642457193512,5.2269498741688,18.4319241625814,-0.993556309241473,-46.5510064720135,-18.3071067946661,-9.09322912474412,-7.18205903708535
8.5569989,5.44551382842157,3.59881819469413,5.15612417742577,18.3776682176242,-1.06462420167869,-46.4620658257171,-18.2519683397057,-9.04075735926171,-7.29809423768665
8.6032182,5.46574408253786,3.61070274972315,5.13838592622161,18.2404411828418,-1.25624704797602,-46.0949615834573,-18.1619665259382,-8.95317154509045,-7.69525361317829
8.6509221,5.46463087972914,3.65103667919783,5.06035038639075,18.1656150132355,-1.4609878098769,-45.841325639968,-18.0750820345849,-8.8696944710254,-8.00006823128887
8.6966787,5.45120302444758,3.66295175535472,4.98855202906008,18.0166044831919,-1.51571035821629,-45.6296550618034,-17.9381304439509,-8.85288980386648,-8.22717225405092
8.7436913,5.46899478184029,3.68231598750638,4.89111892719066,17.9721457578137,-1.58367033313325,-45.5254302589664,-17.8973438623595,-8.81699388729987,-8.33866199001893
8.7906792,5.50574630012627,3.6224774956674,4.91128797420627,17.8316518981556,-1.63934647766574,-45.4589957243871,-17.7857866539979,-8.78318907461508,-8.45184490522812
8.8377803,5.47754412202213,3.60257376596691,4.89966413759369,17.792276414915,-1.65950284347863,-45.4394674238837,-17.7379369401657,-8.74508755335326,-8.46904293831971
